USE [DatabaseProductsSTP]
GO

INSERT INTO [dbo].[ClientStatus] ([StatusID],[Status]) VALUES (0, 'Ключевой клиент');
INSERT INTO [dbo].[ClientStatus] ([StatusID],[Status]) VALUES (1, 'Обычный клиент');
GO

INSERT INTO [dbo].[ProductType] ([TypeID],[Product]) VALUES (0, 'Подписка');
INSERT INTO [dbo].[ProductType] ([TypeID],[Product]) VALUES (1, 'Постоянная лицензия');
GO

INSERT INTO [dbo].[SubscriptionDuration] ([SubscriptionDurationID],[Duration]) VALUES (0, 'месяц');
INSERT INTO [dbo].[SubscriptionDuration] ([SubscriptionDurationID],[Duration]) VALUES (1, 'квартал');
INSERT INTO [dbo].[SubscriptionDuration] ([SubscriptionDurationID],[Duration]) VALUES (2, 'год');
GO

INSERT INTO [dbo].[Manager] ([Name])
VALUES  
('Василиса'),
('Игорь'),
('Владимир'),
('Евгения'),
('Елизавета')
GO

INSERT INTO [dbo].[Client] ([Name], [ManagerID], [StatusID])
VALUES  ('Иван', 1, 1),
        ('Мария', 2, 0),
        ('Алексей', 3, 1),
        ('Анна', 4, 0),
        ('Сергей', 5, 1),
        ('Екатерина', 1, 0),
        ('Михаил', 2, 1),
        ('Ольга', 3, 0),
        ('Дмитрий', 4, 1),
        ('Наталья', 5, 0),
        ('Александр', 1, 1),
        ('Елена', 2, 0),
        ('Павел', 3, 1),
        ('Андрей', 4, 0),
        ('Юлия', 5, 1),
        ('Анастасия', 1, 0),
        ('Константин', 2, 1),
        ('Татьяна', 3, 0),
        ('Владислав', 4, 1),
        ('Людмила', 5, 0),
        ('Игорь', 1, 1),
        ('Светлана', 2, 0),
        ('Артем', 3, 1),
        ('Марина', 4, 0),
        ('Алиса', 5, 1),
        ('Денис', 1, 0),
        ('Яна', 2, 1),
        ('Роман', 3, 0),
        ('Вера', 4, 1),
        ('Григорий', 5, 0);
GO

INSERT INTO [dbo].[Product] ([Name], [Price], [TypeID], [SubscriptionDurationID])
VALUES  ('Программа1', 15000, 0, 0),
        ('Программа2', 25000, 1, NULL),
        ('Программа3', 35000, 0, 1),
        ('Программа4', 45000, 1, NULL),
        ('Программа5', 55000, 0, 0),
        ('Программа6', 65000, 1, NULL),
        ('Программа7', 75000, 0, 1),
        ('Программа8', 85000, 1, NULL),
        ('Программа9', 95000, 0, 0),
        ('Программа10', 105000, 1, NULL),
        ('Программа11', 115000, 0, 1),
        ('Программа12', 125000, 1, NULL),
        ('Программа13', 135000, 0, 0),
        ('Программа14', 145000, 1, NULL),
        ('Программа15', 155000, 0, 1),
        ('Программа16', 165000, 1, NULL),
        ('Программа17', 175000, 0, 0),
        ('Программа18', 185000, 1, NULL),
        ('Программа19', 195000, 0, 1),
        ('Программа20', 205000, 1, NULL),
        ('Программа21', 215000, 0, 0),
        ('Программа22', 225000, 1, NULL),
        ('Программа23', 235000, 0, 1),
        ('Программа24', 245000, 1, NULL),
        ('Программа25', 255000, 0, 0),
        ('Программа26', 265000, 1, NULL),
        ('Программа27', 275000, 0, 1),
        ('Программа28', 285000, 1, NULL),
        ('Программа29', 295000, 0, 0),
        ('Программа30', 305000, 1, NULL),
        ('Программа31', 315000, 0, 1),
        ('Программа32', 325000, 1, NULL),
        ('Программа33', 335000, 0, 0),
        ('Программа34', 345000, 1, NULL),
        ('Программа35', 355000, 0, 1),
        ('Программа36', 365000, 1, NULL),
        ('Программа37', 375000, 0, 0),
        ('Программа38', 385000, 1, NULL),
        ('Программа39', 395000, 0, 2),
        ('Программа40', 405000, 1, NULL),
        ('Программа41', 415000, 0, 2),
        ('Программа42', 425000, 1, NULL),
        ('Программа43', 435000, 0, 2);
GO


INSERT INTO [dbo].[PurchasedProduct] ([ClientID], [ProductID])
VALUES  (1, 1),
        (2, 2),
        (3, 3),
        (4, 4),
        (5, 5),
        (6, 6),
        (7, 7),
        (8, 8),
        (9, 9),
        (10, 10),
        (11, 11),
        (12, 12),
        (13, 13),
        (14, 14),
        (15, 15),
        (16, 16),
        (17, 17),
        (18, 18),
        (19, 19),
        (20, 20),
        (21, 21),
        (22, 22),
        (23, 23),
        (24, 24),
        (25, 25),
        (26, 26),
        (27, 27),
        (28, 28),
        (29, 29),
        (30, 30),
        (1, 31),
        (2, 32),
        (3, 33),
        (4, 34),
        (5, 35),
        (6, 36),
        (7, 37),
        (8, 38),
        (9, 39),
        (10, 40),
        (11, 41),
        (12, 42),
        (13, 43);
GO